{"cameraMode":{"drawMode":0,"name":"Shaded","section":"Shading Mode"},"sceneLighting":true,"audioPlay":false,"sceneViewState":{"showFog":true,"showMaterialUpdate":false,"showSkybox":true,"showFlares":true,"showImageEffects":true,"showParticleSystems":true},"in2DMode":false,"pivot":{"x":-10.131591796875,"y":0.7939453125,"z":1.6474609375},"rotation":{"x":0.5052311420440674,"y":0.017864899709820749,"z":-0.010472407564520836,"w":0.8627356290817261},"size":9.538779258728028,"orthographic":true}